[{"_id":"0","title":"Prvi clanak","description":"primer clanka","text":"Lorem ipsum dolor sit amet, consectetur adipiscing elit. Phasellus pretium, sem sed sollicitudin hendrerit, velit massa euismod felis, vitae varius neque sem non ipsum. Etiam sit amet neque sollicitudin, ullamcorper velit et, porttitor arcu. Nunc et dapibus sapien. Fusce vel felis odio. Praesent tristique elit arcu, nec posuere est mattis nec."},{"_id":"1","title":"Drugi clanak","description":"drugi primer","text":"Morbi vulputate pulvinar tristique. Nam fringilla quis eros eu accumsan. Donec hendrerit purus a mollis dapibus. In bibendum tortor ac diam consectetur convallis. Fusce feugiat felis sed gravida suscipit."},{"title":"Mrnjau","description":"mrr mrr","text":"Prrrrr!","_id":2}]